id;title;content;date
1;Credit virtual;../fake-data/blob/hipster.txt;2021-04-02T12:02:56
2;challenge International optical;../fake-data/blob/hipster.txt;2021-04-02T16:44:22
3;Jewelery Russian Turkmenistan;../fake-data/blob/hipster.txt;2021-04-02T10:08:48
4;withdrawal;../fake-data/blob/hipster.txt;2021-04-02T21:07:39
5;schemas Unbranded;../fake-data/blob/hipster.txt;2021-04-02T11:20:51
6;Dynamic;../fake-data/blob/hipster.txt;2021-04-02T13:28:54
7;innovate e-tailers Intranet;../fake-data/blob/hipster.txt;2021-04-02T21:57:48
8;Plastic Balboa International;../fake-data/blob/hipster.txt;2021-04-02T18:16:54
9;payment moratorium Liaison;../fake-data/blob/hipster.txt;2021-04-02T23:39:51
10;real-time Roads;../fake-data/blob/hipster.txt;2021-04-02T19:55:40
